strategy,I_peak,tau_alpha,B_burden,C_cost,eta
Uniform,0.6608889654907136,inf,117.88504927204875,100000.0,
Centrality,0.5217132922422166,inf,80.77584585417625,100000.0,
