strategy,I_peak,tau_alpha,B_burden,C_cost,eta
Uniform,0.6133259420694671,inf,112.9071029111464,1000000.0,
Centrality,0.5032101923833703,inf,78.29464780533576,999999.9999999998,
