strategy,I_peak,tau_alpha,B_burden,C_cost,eta
Uniform,0.5284608359101377,inf,99.01310347138195,995000.0,
Centrality,0.5,inf,77.64438537684859,995000.0,
